question,answer
Berapa syarat TOEFL program doktor?,Skor TOEFL minimal untuk Program Doktor ITS adalah 500.
Berapa biaya kuliah magister reguler?,"Biaya kuliah per semester untuk Program Magister jalur Reguler adalah Rp 12.500.000,-."
Apa saja syarat pendaftaran program magister jalur riset?,"Lulus sarjana dari program studi yang terakreditasi minimal B dengan IPK ≥ 3,25 atau akreditasi A dengan IPK ≥ 3,00, Tes potensi kemampuan akademik (TPKA) (minimal 475), TEFL atau yang setara (minimal 477), tes materi bidang (minimal 66), dan wawancara (minimal 66), Mempunyai 1 (satu) publikasi ilmiah dalam 5 tahun terakhir yang dipublikasikan dalam prosiding seminar internasional bereputasi jurnal nasional terakreditasi, Nilai Tugas Akhir atau Skripsi adalah A"
Berapa beban studi sks pada program Magister ITS?,"Program Magister di ITS umumnya menempuh beban kredit sekitar 36–50 SKS, tergantung program studi."
Apa yang dimaksud dengan skema Program Magister Skema Kerjasama?,Program Magister kerjasama ITS dengan instansi atau perusahan dalam negeri.
Apa saja syarat Beasiswa  Fastrack program Magister?,"Mahasiswa akhir semester 6 yang sudah lulus minimal 120 sks, IPK minimal 3.25, TOEFL minimal 475."
Kapan jadwal pendaftaran mahasiswa baru Pascasarjana ITS Semester Genap 2025/2026?,Pendaftaran dibuka mulai 06 Oktober – 29 Desember 2025.
Apa saja beasiswa yang ditawarkan pada program magister ITS?,"Beasiswa Freshgraduate, Beasiswa Penelitian Dosen, Beasiswa Fast Track, Beasiswa Fast-D ITS."
Berapa syarat TOEFL program magister?,Skor TOEFL minimal untuk Program Magister ITS adalah 477.
Berapa biaya kuliah magister jalur reguler?,Biaya magister jalur reguler adalah Rp 12.500.000 per semester
